<?xml version="1.0" encoding="UTF-8"?>
<?xml-model href="http://www.tei-c.org/release/xml/tei/custom/schema/relaxng/tei_all.rng" type="application/xml" schematypens="http://relaxng.org/ns/structure/1.0"?>
<?xml-model href="http://www.tei-c.org/release/xml/tei/custom/schema/relaxng/tei_all.rng" type="application/xml"
	schematypens="http://purl.oclc.org/dsdl/schematron"?>
<TEI xmlns="http://www.tei-c.org/ns/1.0">
   <teiHeader>
      <fileDesc>
         <titleStmt>
            <title>Title</title>
         </titleStmt>
         <publicationStmt>
            <p>Publication Information</p>
         </publicationStmt>
         <sourceDesc>
            <p>Information about the source</p>
         </sourceDesc>
      </fileDesc>
   </teiHeader>
   <text>
      <body>
         <listPerson>
            <person xml:id="VirginiaWoolf">
               <persName type="personal" role="default">
                  <forename>Virginia</forename>
                  <surname>Woolf</surname>
               </persName>
               <persName type="maiden">
                  <forename>Virginia</forename>
                  <surname>Stephen</surname>
               </persName>
               <sex value="F"/>
               <occupation>Modernist writer</occupation>
               <birth when="1882-01-25">
                  <placeName>Kensington</placeName>
               </birth>
               <death when="1941-03-28">
                  <placeName>River Ouse, Sussex</placeName>
               </death>
               <note>Virginia Woolf's father, Leslie Stephen, was one of the earliest editors of
                  Hardy's work, accepting <ref target="#bib:Hardy1874_FarFromTheMaddingCrowd">Far
                     From the Madding Crowd</ref> to be serialised in the Cornhill Magazine
                  (published by Smith, Elder &amp; Co), and <ref target="#bib:Hardy1876_Ethelberta"
                     >The Hand of Ethelberta</ref> and of his novels at The Cornhill Magazine, and
                  was a close friend of Hardy's.</note>
               <listBibl type="semantic">
                  <bibl type="viaf" n="39385478"/>
               </listBibl>
               <listBibl type="general">
                  <bibl type="wikipedia" n="Virginia_Woolf"/>
               </listBibl>
            </person>
         </listPerson>
      </body>
   </text>
</TEI>
