<?xml version="1.0" encoding="UTF-8"?>
<?xml-model href="http://www.tei-c.org/release/xml/tei/custom/schema/relaxng/tei_all.rng" type="application/xml" schematypens="http://relaxng.org/ns/structure/1.0"?>
<?xml-model href="http://www.tei-c.org/release/xml/tei/custom/schema/relaxng/tei_all.rng" type="application/xml"
	schematypens="http://purl.oclc.org/dsdl/schematron"?>
<TEI xmlns="http://www.tei-c.org/ns/1.0" xml:id="Case2_HRO_21M65-C3-4">
    <teiHeader>
        <fileDesc>
            <titleStmt>
                <title>Defamation at the Water's Edge</title>
                <editor>Charmian Mansell</editor>
                <funder>Leverhulme Trust</funder>
                <principal>Jane Whittle</principal>
                
                <respStmt>
                    <persName>Charmian Mansell</persName>
                    <resp>Transcription, editing, encoding</resp>
                </respStmt>
                                
                <respStmt>
                    <persName>Elizabeth Williamson</persName>
                    <resp>Encoding development</resp>
                </respStmt>
                
            </titleStmt>
            <publicationStmt>
                <p>Published online, summer 2018</p>
            </publicationStmt>
            <seriesStmt>
                <title>Women's Work in Rural England: Educational Resource</title>
                <idno type="case">2</idno>
            </seriesStmt>
            <sourceDesc>
                <msDesc>
                    <msIdentifier>
                        <institution>Hampshire Record Office</institution>
                        <idno>21M65-C3-4</idno>
                    </msIdentifier>
                </msDesc>
            </sourceDesc>
        </fileDesc>
        <encodingDesc>
            <projectDesc>
                <p>Prepared as part of the Womens Work in Rural England project.</p>
            </projectDesc>
        </encodingDesc>
        <profileDesc>
            <textClass>
                <keywords>
                    <term>Defamation</term>
                </keywords>
            </textClass>
            <abstract>
                <p>Jane Clerck v Richard Churcher: Jane is pushed into the water with her maid while washing clothes and is called an unhonest woman.</p></abstract>
        </profileDesc>
    </teiHeader>
    <facsimile>
        <graphic url="Case2_HRO_21M65-C3-4_p580.jpg"/>
        <graphic url="Case2_HRO_21M65-C3-4_p581.jpg"/>
        <graphic url="Case2_HRO_21M65-C3-4_p584.jpg"/>
        <graphic url="Case2_HRO_21M65-C3-4_p585.jpg"/>
    </facsimile>   
    <text>
        <body>
            <div type="case">
                <div type="deposition" n="1">
                <p><date>4 Julii <supplied>1569</supplied> </date> sup<ex>er</ex> li<ex>bel</ex>lo ex p<ex>ar</ex>te <ref target="#n13"><supplied>Jane</supplied> Clerck con <supplied>Richard</supplied> Churcher</ref> dat</p>
                    <p>Johannes Wilkins de <placeName>Sora Winton</placeName> <ref target="#n1">glasier</ref> ubi mora<ex>m</ex> fecit a na<ex>tivita</ex>te &amp;c. libe<ex>re</ex> &amp;c. testis &amp;c.
                        etatis xxv annos dicit q<ex>uo</ex>d d<ex>i</ex>c<ex>t</ex>am Clerck p<ex>er</ex> viii annos et dict Churcher 
                        et uxor sua tam diu b<ex>e</ex>n<ex>e</ex> novit </p>
                        
                    <p>Ad 1 ar<ex>tic</ex>lu<ex>m</ex> li<ex>bel</ex>li refert se ad iur<ex>a</ex></p>
                    <p>Ad 2 depo<ex>ni</ex>t et dicit that <ref target="#n2">abowt Ester last</ref> upon a working day (ut recolit) this depo<ex>nen</ex>t
                       dwelling w<ex>i</ex>th Gillam glasier <ref target="#n3">was requested by the saide Jane clerck to help her Mayde to the water</ref>
                       w<ex>i</ex>th <ref target="#n4">a buck</ref>. And when they came right ov<ex>er</ex> the saide Churchers dore w<ex>i</ex>th ther
                        <ref target="#n4">buck of clothes</ref> the saide churchers wiff had left wasshing. And was in her howse where upon James Godslens wiff
                       his <ref target="#n12">contest</ref> was standing upon a borde by <ref target="#n5">the water</ref> redy to wash the clothes w<ex>hi</ex>ch this depo<ex>nen</ex>t
                       &amp; she brought forth. And then Churchers wiff came owte agayne from her howse w<ex>i</ex>th ii kettles 
                        And sayde to <ref target="#n11">Mres</ref> Clerck then being ther / dost thow thrust my mayde from the wasshing place &amp; 
                       imediatly went to the saide Godslens wiff &amp; thrust her into the water. And then <ref target="#n11">Mres</ref> Clerck demanded
                       of the sayde Churchers wiff why she did soe. / And she sware that she wolde thurst her in allso, <del rend="strikethrough">and</del> w<ex>hi</ex>ch
                        imediatly she did as sone as the saide <ref target="#n11">Mrs</ref> Clerck sett her fote uppon the borde &amp; thrust her twise back 
                        And sayde to the saide <ref target="#n11">Mres</ref> Clerck, Thow arte no honest woman &amp; w<ex>i</ex>th that the said Richard Churcher 
                       her husband came owte &amp; saide to this depo<ex>nen</ex>t what have yo<ex>u</ex> to do w<ex>i</ex>th this / 
                        And sayde unto the saide <ref target="#n11">Mres</ref> Clerck then being all wett, <ref target="#n6">thow arte an unhonest woman</ref> And she asked what dishonesty
                       know yo<ex>u</ex> by me And then this depo<ex>nen</ex>t wente his way et al<ex>ite</ex>r nescit depon<ex>er</ex>e</p>
                    <p>Ad 3 nescit depon<ex>er</ex>e.</p>
                    <p>Ad 4 veru<ex>m</ex> est.</p>
                    <p>Ad 5 credit ar<ex>ticu</ex>lu<ex>m</ex>.</p>
                    <p>Ad 6 p<ex>re</ex>depo<ex>s</ex>ita p<ex>er</ex> eu<ex>m</ex> sunt vera &amp;c.</p>
                    <p rend="centre">Idem sup<ex>er</ex> Interr<ex>ogtoriis</ex></p>
                        <p>Ad 1 satisfact est.</p>
                    <p>Ad 2 r<ex>esp</ex>ondet that <ref target="#n7">he is owte of ev<ex>er</ex>ie bodies debte &amp; otherwese very litle worth.</ref></p>
                    <p>Ad 3 nescit al<ex>ite</ex>r r<ex>esp</ex>ondere q<ex>ui</ex> p<ex>re</ex>deposunt</p>
                    <p>Ad 4 r<ex>esp</ex>ondet q<ex>uo</ex>d p<ex>ro</ex>us dicit et audivit.</p>
                    <p>Ad 5 venit rogatu Georgii Clerck mariti d<ex>i</ex>c<ex>t</ex>e Clerck</p>
                    <p>Ad 6 satisfact est al<ex>ite</ex>r nescit r<ex>esp</ex>ondere</p>
                    <p>Ad 7 r<ex>esp</ex>ondet q<ex>uo</ex>d indifferens</p>
                    <p>Ad 8 9 r<ex>esp</ex>ondet nega<ex>tiv</ex>e</p>
                    <p>Ad 10 r<ex>esp</ex>ondet that once L. Magdalene hill this r<ex>esp</ex>ondent did weare his armor et al<ex>ite</ex>r r<ex>esp</ex>ondet nega<ex>tiv</ex>e</p>
                    <p>Ad 11 r<ex>esp</ex>ondet q<ex>uo</ex>d credit ar<ex>ticu</ex>lu<ex>m</ex> ad deponend veritate<ex>m</ex>.</p>
                    <p>Ad 12 r<ex>esp</ex>ondet that he dwelleth w<ex>i</ex>th Gillam Glasier.</p>
                    <p>Ad 13 satisfact est </p>
                    <signed><ref target="#n10"><supplied>his mark</supplied></ref></signed>
                </div>
                <div type="deposition" n="2">
                <p><date>4 Julii <supplied>1569</supplied> </date> sup<ex>er</ex> li<ex>bel</ex>lo ex p<ex>ar</ex>te <supplied>Jane</supplied> Clerck con <supplied>Richard</supplied> Churcher dat</p>
                    <p> Rabadge Godsland <ref target="#n8">uxor</ref> Jacobi Godsland de <placeName>Civi<ex>ta</ex>te Winton</placeName> etatis xxviii annos libe<ex>re</ex> &amp;c. testis &amp;c. dicit 
                        q<ex>uo</ex>d dict Clerck p<ex>er</ex> iiies annos et dict Chercher et uxor sua p<ex>er</ex> x. annos b<ex>e</ex>n<ex>e</ex> novit</p>
                    
                    <p>Ad 1 ar<ex>ticu</ex>lu<ex>m</ex> li<ex>bel</ex>li refert se ad iur<ex>a</ex></p>
                    <p>Ad 2 depo<ex>ni</ex>t et dicit that abowt a fortnight <ref target="#n2">afore Ester last</ref> ut recolit this depo<ex>nen</ex>t &amp; the saide
                        John Wilkens her <ref target="#n12">contest</ref> at <ref target="#n11">Mres</ref> Clercks request carried <ref target="#n4">a bucke of Clothes</ref> <ref target="#n3">to the wasshing place</ref> right ov<ex>er</ex>
                        the saide Churcher dore And when they came thither the sayde Churchers mayde had done wasshing of her Clothes And then 
                        <ref target="#n11">Mres</ref> Clerck layde downe a borde to wash upon And this depo<ex>nen</ex>t stode upon the borde and im<ex>m</ex>ediatly 
                        the saide Churchers wiff came owte of her howse w<ex>i</ex>th a cople of kettles in her hand to the wasshing place, 
                        and being greved w<ex>i</ex>th the saide <ref target="#n11">Mrs</ref> Clerck for wasshing ther she thrust this depo<ex>nen</ex>t in to the water And then <del rend="strikethrough">w<ex>i</ex>th</del> 
                        <ref target="#n11">Mres</ref> Clerck asked her why she did soe, 
                        And the saide Churchers wiff awnswered &amp; swore that she wold thrust her in allso &amp; so she ded, and sayde she 
                        the saide <ref target="#n11">Mres</ref> Clerck <ref target="#n6">was no honest woman</ref>, And then the saide Richard Churcher came owte of his howse And taking his wiffes 
                        parte in conclusion saide the saide <ref target="#n11">Mres</ref> Clerck <ref target="#n6">was no honest woman.</ref> Why q<ex>uo</ex>d <ref target="#n11">Mres</ref> Clerck what unhonesty do yo<ex>u</ex> know
                        by me. et al<ex>ite</ex>r nescit depon<ex>er</ex>e.</p>
                    <p>Ad 3 nescit depon<ex>er</ex>e.</p>
                    <p>Ad 4 veru<ex>m</ex> est.</p>
                    <p>Ad 5 refert se ad Iur<ex>a</ex>.</p>
                    <p>Ad ult p<ex>re</ex>depo<ex>s</ex>ita p<ex>er</ex> eu<ex>m</ex> sunt vera &amp;c.</p>
                    <p rend="centre">Eade<ex>m</ex> sup<ex>er</ex> Interr<ex>ogtoriis</ex></p>
                    <p>Ad 1 satisfact est</p>
                    <p>Ad 2 <ref target="#n7">no<ex>n</ex> concernit ea<ex>m</ex>.</ref></p>
                    <p>Ad 3 4 satisfact est</p>
                    <p>Ad 5 venit rogatu Mr Clerck marite di<ex>ct</ex>e Clerck.</p>
                    <p>Ad 6 satisfact est</p>
                    <p>Ad 7 est indifferens</p>
                    <p>Ad 8 r<ex>esp</ex>ondet that <ref target="#n9">she is <del rend="strikethrough">ther</del> at Mr Clerck once in a weke</ref> to helpe wash <ref target="#n4">a bucke</ref> et al<ex>ite</ex>r r<ex>esp</ex>ondet nega<ex>tiv</ex>e</p>
                    <p>Ad 9 r<ex>esp</ex>ondet nega<ex>tiv</ex>e.</p>
                    <p>Ad 10 11 12 no<ex>n</ex> concernit ea<ex>m</ex>.</p>
                    <p>Ad ult satisfact est.</p>
                    <signed><ref target="#n10"><supplied>her mark</supplied></ref></signed>
                </div>
            </div>
            <div type="case-modernized">
                <div type="deposition" n="1">
                    <p><date>4 July <supplied>1569</supplied> </date> Suit on the part of <ref target="#n13"><supplied>Jane</supplied> Clerck against <supplied>Richard</supplied> Churcher.</ref></p>
                    <p>John Wilkins of <placeName>the Soke, Winchester,</placeName> <ref target="#n1">glasier</ref>, where he has lived since birth, age 25. He has known the said Clerck for eight years 
                        and the said Churcher and his wife for the same time.</p>
                    
                    <p>To Article 1 of the libel he refers himself to the law.</p>
                    <p>To the second, he deposes and says that <ref target="#n2">about Easter last</ref> upon a working day (he recalls) this deponent dwelling with Gillam Glasier <ref target="#n3">was 
                        requested by the said Jane Clerck to help her maid to the water</ref> with a <ref target="#n4">buck</ref>. And when they came right over the said Churcher’s door with
                        their <ref target="#n4"> buck of clothes</ref>, the said Churcher's wife had left washing. And [she] was in her house whereupon James Godslen’s wife, his <ref target="#n12">contest</ref>, was standing
                        upon a board by the <ref target="#n5">the water</ref> ready to wash the clothes which this deponent and she brought forth. And then Churcher’s wife came out again 
                        from her house with two kettles. And said to <ref target="#n11">Mrs</ref> Clerck, then being there: 'dost thow thrust my maid from the washing place?' And immediately
                        went to the said Godslen’s wife and thrust her into the water.  And then <ref target="#n11">Mrs</ref> Clerck demanded of the said Churcher’s wife why she did so.
                        And she swore that she would thrust her in also, <del rend="strikethrough">and</del> which immediately she did as soon as the said <ref target="#n11">Mrs</ref> Clerck set her foot upon the board and
                        thrust her twice back.  And said to the said <ref target="#n11">Mrs</ref> Clerck: 'thow art no honest woman' and with that the said Richard Churcher, her husband,
                        came out and said to this deponent: 'what have you to do with this?' And said unto the said <ref target="#n11">Mrs</ref> Clerck, then being all wet: <ref target="#n6">'thow art an 
                            unhonest woman'.</ref> And she asked: 'what dishonesty know you by me?' And then this deponent went his way and otherwise he knows nothing.</p>
                    <p>To 3 he knows nothing.</p>
                    <p>To 4 he says it is true.</p>
                    <p>To 5 he believes the article to be true.</p>
                    <p>To 6 he says that what he has already deposed is true.</p>
                    <p rend="centre">Interrogatories</p>
                    <p>To 2 he has already satisfied this in his deposition.</p>
                    <p>To 2 he responds that <ref target="#n7">he is out of everybody’s debt and is otherwise very little worth.</ref></p>
                    <p>To 3 he says nothing other than what he has already deposed.</p>
                    <p>To 4 he responds as he says he heard.</p>
                    <p>To 5 he comes at the request of George Clerck, husband of the said Clerck.</p>
                    <p>To 6 he has already satisfied this in his deposition and otherwise he says nothing.</p>
                    <p>To 7 he responds alike.</p>
                    <p>To 8 [and] 9 he responds no.</p>
                    <p>To 10 he responds that once L. Magdalene Hill, this respondent did wear his armour and otherwise he responds no.</p>
                    <p>To 11 he responds that he believes the article is true.</p>
                    <p>To 12 he responds that he dwells with Gillam Glasier.</p>
                    <p>To 13 he has already satisfied this in his deposition.</p>
                    <signed><ref target="#n10"><supplied>his mark</supplied></ref></signed>
                </div>
                <div type="deposition" n="2">
                    <p> Rabadge Godsland, <ref target="#n8">wife of Jacob Godsland</ref> of <placeName> Winchester</placeName>, age 28. She has known the said Clerck for three years 
                        and the said Churcher and his wife for ten years.</p>
                    
                    <p>To Article 1 of the libel she refers herself to the law.</p>
                    <p>To the second she deposes that about a fortnight <ref target="#n2">before Easter last</ref>, she recalls, this deponent and the said
                        John Wilkins, her <ref target="#n12">contest</ref>, at <ref target="#n11">Mrs</ref> Clerck's request, carried <ref target="#n4">a buck of clothes</ref> <ref target="#n3"> to the washing place</ref> right over
                        the said Churcher's door. And when they came there, the said Churcher's maid had done washing of her clothes. And then 
                        <ref target="#n11">Mrs</ref> Clerck laid down a board to wash upon. And this deponent stood upon the board and immediately, 
                        the said Churcher's wife came out of her house with a couple of kettles in her hand to the washing place. 
                        And being grieved there, she thrust this deponent into the water. And then <del rend="strikethrough">with</del> <ref target="#n11">Mrs</ref> Clerck asked her why she did so. 
                        And the said Churcher's wife answered and swore that she would thrust her in also and so she did, and said she, 
                        the said <ref target="#n11">Mrs</ref> Clerck, <ref target="#n6">was no honest woman.</ref> And then the said Richard Churcher came out of his house and taking his wife's 
                        part, in conclusion said the said <ref target="#n11">Mrs</ref> Clerck <ref target="#n6">was no honest woman.</ref> 'Why,' said <ref target="#n11">Mrs</ref> Clerck, 'what unhonesty do you know
                        by me?' And otherwise she knows nothing.</p>
                    <p>To 3 she knows nothing.</p>
                    <p>To 4 she says it is true.</p>
                    <p>To 5 she refers herself to the law.</p>
                    <p>To the final she says that what she has already deposed is true.</p>
                    <p rend="centre">Interrogatories</p>
                    <p>To 1 she has already satisfied this in her deposition.</p>
                    <p><ref target="#n7">2</ref> <ref target="#n14">does not concern her.</ref></p>
                    <p>To 3 and 4 she has already satisfied this in her deposition.</p>
                    <p>To 5 she comes at the request of Mr Clerck, the husband of the said Clerck.</p>
                    <p>To 6 she has already satisfied this in her deposition.</p>
                    <p>To 7 she responds alike.</p>
                    <p>To 8 she responds that <ref target="#n9">she is <del rend="strikethrough">there</del> at Mr Clerck's once a week</ref> to help <ref target="#n4">wash a buck</ref> and otherwise she says no.</p>
                    <p>To 9 she says no.</p>
                    <p>10, 11 and 12 do not concern her.</p>
                    <p>To the final she has already satisfied this in her deposition.</p>
                    <signed><ref target="#n10"><supplied>her mark</supplied></ref></signed>
                </div>   
            </div>
        </body>
        <back>
            <note xml:id="n1" type="gloss">A glasier is a glass cutter or window maker. Male depositions: occupational or social status descriptors (e.g. baker, joiner, yeoman) were typically recorded in the brief biographical statement at the beginning of the deposition.</note>
            <note xml:id="n2" type="interpretation">In describing when a particular event had taken place, witnesses often reported the time in relation to the liturgical calendar (e.g.referring to 
                church seasons and feast days).</note>
            <note xml:id="n3" type="interpretation">Washing clothes: evidence of men's and women's work. It is interesting that a man helps a maid to carry the washing.</note>
            <note xml:id="n4" type="gloss">A ‘bucking’ or a ‘buck’ is a basket of dirty clothes, which was sometimes very heavy.</note>
            <note xml:id="n5" type="interpretation">The water (probably a river/stream): this location of work could be a very sociable site, as women from other households were also washing clothes.</note>
            <note xml:id="n6" type="technicality">This is not the usual language of defamation. 'Unhonest' does not describe a particular offence that Jane Clerck
                is alleged to have committed.  See Laura Gowing, 'Gender and the Language of Insult in Early Modern London', History Workshop Journal, 35, 1993, 1-21.</note>
            <note xml:id="n7" type="technicality">Statement of worth: in interrogatory questioning, witnesses were often asked to state how much they (or another witness) were worth (all debts paid). The question was designed to discredit witnesses based on 
                their economic value. Reputation and credibility was linked to economic wealth; those of higher social status and wealth were presumed to be more trustworthy. Some described their worth as a cash value, 
                some in terms of the goods they owned and others talked about their worth in much broader terms (e.g. 'not much worth').</note>
            <note xml:id="n8" type="technicality">Female depositions: marital status descriptors (e.g. singlewoman, widow, wife) were typically recorded in the brief biographical statement at the beginning of the deposition.</note>
            <note xml:id="n9" type="interpretation">Rabadge is referred to as a 'mayde' (servant) but works for the Clercks only once a week and is married. She is therefore 
                probably not a live-in servant.</note>
            <note xml:id="n10" type="technicality">Witnesses were asked to sign their depositions: signatures range from full names to simply initials or marks (sometimes images linked with trades).</note>
            <note xml:id="n11" type="gloss">Use of the word 'Mrs' does not denote a married woman but a woman of social standing. This usage persisted until at least 1800. See A. Erickson, 'Mistresses and Marriage: 
                or, a Short History of the Mrs', History Workshop Journal, 78, 2014, 39-57.</note>
            <note xml:id="n12" type="technicality">The words 'contest' or 'precontest' were used to refer to someone who was also a witness and had given a testimony in the same case.</note>
            <note xml:id="n13" type="technicality">This is a dispute between private parties, known in the church courts as an instance suit.</note>
            <note xml:id="n14" type="technicality">Rabadge says this does not concern her because she is married and under the laws of coverture. This was a common law convention that a man would assume ownership of the moveable 
                estate a woman brought with her to a marriage and generated within the marriage.</note>
        </back>
    </text>
</TEI>
