<?xml version="1.0" encoding="UTF-8"?>
<?xml-model href="http://www.tei-c.org/release/xml/tei/custom/schema/relaxng/tei_all.rng" type="application/xml" schematypens="http://relaxng.org/ns/structure/1.0"?>
<?xml-model href="http://www.tei-c.org/release/xml/tei/custom/schema/relaxng/tei_all.rng" type="application/xml"
	schematypens="http://purl.oclc.org/dsdl/schematron"?>
<TEI xmlns="http://www.tei-c.org/ns/1.0" xml:id="Case1_DHC_Chanter855">
   <teiHeader>
      <fileDesc>
         <titleStmt>
            <title>Adultery in the Hay Harvest</title>
            <editor>Charmian Mansell</editor>
            <funder>Leverhulme Trust</funder>
            <principal>Jane Whittle</principal>

            <respStmt>
               <persName>Charmian Mansell</persName>
               <resp>Transcription, editing, encoding</resp>
            </respStmt>

            <respStmt>
               <persName>Mark Hailwood</persName>
               <resp>Transcription</resp>
            </respStmt>

            <respStmt>
               <persName>Elizabeth Williamson</persName>
               <resp>Encoding development</resp>
            </respStmt>
         </titleStmt>

         <publicationStmt>
            <p>Published online, summer 2018</p>
         </publicationStmt>
         <seriesStmt>
            <title>Women's Work in Rural England: Educational Resource</title>
            <idno type="case">1</idno>
         </seriesStmt>
         <sourceDesc>
            <msDesc>
               <msIdentifier>
                  <institution>Devon Heritage Centre</institution>
                  <idno>Chanter 855</idno>
               </msIdentifier>
            </msDesc>
         </sourceDesc>
      </fileDesc>
      <encodingDesc>
         <projectDesc>
            <p>Prepared as part of the Womens Work in Rural England project.</p>
         </projectDesc>
      </encodingDesc>
      <profileDesc>
         <textClass>
            <keywords>
               <term>Fornication</term>
            </keywords>
         </textClass>
         <abstract>
            <p>Office v Wilmota Rogers: a master attempts to bribe his servant to commit adultery
               with him as they work together in the hay harvest.</p>
         </abstract>
      </profileDesc>
   </teiHeader>
   <facsimile>
      <graphic url="Case1_DHC_Chanter855_f37r.jpg"/>
   </facsimile>
   <text>
      <body>
         <div type="case">
            <p><date>xxiii octo<ex>bris</ex> 1556</date></p>
            <p><ref target="#n1">Officiu<ex>m</ex> div<ex>inus</ex> co<ex>n</ex> Wilmota Rogers</ref>
               de <placeName>Alfington</placeName> testxxxx</p>
            <p>Ex<ex>am</ex>i<ex>n</ex>ata dicit that the weke <ref target="#n2">before S. peters
                  day at mydsomer</ref> last past this r<ex>esp</ex>ondent then bieing the
                  s<ex>er</ex>vaunt of one Richard Stone of the same p<ex>ar</ex>ishe was <ref
                  target="#n5">pitchyng hay up</ref> unto the said Richard being upon his <ref
                  target="#n3">hay tollett</ref> Induced by all the meanes possibill this
                  r<ex>esp</ex>ondent to adult<ex>er</ex>ie and desired this r<ex>esp</ex>ondent
                  <del rend="strikethrough">come</del> to cum<ex>m</ex>e uppe unto hym And he wold
               give her money and p<ex>ur</ex>ches a lyving for her w<ex>i</ex>t<ex>h</ex> many fair
                  p<ex>ro</ex>mises And after that he gave this r<ex>esp</ex>ondent <ref
                  target="#n4">xls</ref> upon the co<ex>n</ex>dit<ex>i</ex>on that she shuld have
               mett w<ex>i</ex>t<ex>h</ex> hym in his stabill the wensday <ref target="#n2">before
                  S. petters day</ref> aforesaid And then to have other <ref target="#n4">xls</ref>
               and therfor he to have had his pleasur of her And this r<ex>esp</ex>ondent had &amp;
               receaved the said <ref target="#n4">xls</ref> but she keapt not appoyntment
                  w<ex>i</ex>t<ex>h</ex> hym but went the same wensday <ref target="#n6">to
                  Reap</ref> w<ex>i</ex>t<ex>h</ex> Mr Morley and neaver offended
                  w<ex>i</ex>t<ex>h</ex> hym.</p>
         </div>
         <div type="case-modernized">
            <p><date>23 October 1556</date></p>
            <p><ref target="#n1">Office v Wilmota Rogers</ref> of
               <placeName>Alphington</placeName></p>
            <p>She says that the week <ref target="#n2">before St. Peter's Day at Midsummer</ref> last
                  past, this respondent then being the servant of one Richard Stone of the same
               parish, was <ref target="#n5">pitching hay up</ref> unto the said Richard, being upon
               his <ref target="#n3">hay tollett</ref> [who] induced by all the means possible this
               respondent to adultery and desired this respondent <del rend="strikethrough"
                  >come</del> to come up unto him. And he would give her money and purchase a living
               for her, with many fair promises. And after that, he gave this respondent <ref
                  target="#n4">40s</ref> upon the condition that she should have met with him in his
               stable the Wednesday <ref target="#n2">before St Peter's Day</ref> aforesaid. And
               then to have [an]other <ref target="#n4">40s</ref> and therefore he to have had his
               pleasure of her. And this respondent had and received the said <ref target="#n4"
                  >40s</ref> but she kept not appointment with him but went the same Wednesday <ref
                  target="#n6">to reap</ref> with Mr Morley and never offended with him.</p>
         </div>
      </body>
      <back>
         <note xml:id="n1" type="technicality">This is an 'ex officio' (office) case. Office cases
            were initiated by church authorities against individuals and typically focused on
            moral transgressions such as adultery.</note>
         <note xml:id="n2" type="interpretation">In describing when a particular event had taken place,
            witnesses often reported the time in relation to the liturgical calendar (e.g.referring to 
            church seasons and feast days).</note>
         <note xml:id="n3" type="gloss">A hay tollett is a colloquial term for a hay loft, a space
            above a barn or stable used to store hay.</note>
         <note xml:id="n4" type="gloss">'s' used after a number refers to shillings (e.g. 40
            shillings).</note>
         <note xml:id="n5" type="interpretation">Pitching hay involved lifting, hoisting or throwing
            hay, in this case into the hay loft. It is interesting to find female servants involved
            in fairly physical forms of agricultural labour.</note>
         <note xml:id="n6" type="interpretation">Reaping was an agricultural activity in which crops
            were harvested (cut and gathered) from a piece of land. It is interesting to find female
            servants involved in fairly physical forms of agricultural labour.</note>
      </back>
   </text>
</TEI>
